"Asset","Path","Format","Purpose","Reusable","Status"
"Entrance","/experiences/noctra/art/entrance.webp","WEBP","Arte de la etapa anterior; conservar hasta una migración posterior","Yes","PLACEHOLDER"
"Final Drop","/experiences/noctra/art/final-drop.webp","WEBP","Arte de la etapa anterior; conservar hasta una migración posterior","Yes","PLACEHOLDER"
"Hero","/experiences/noctra/art/hero.webp","WEBP","Arte de la etapa anterior; conservar hasta una migración posterior","Yes","PLACEHOLDER"
"Hidden Frequency","/experiences/noctra/art/hidden-frequency.webp","WEBP","Arte de la etapa anterior; conservar hasta una migración posterior","Yes","PLACEHOLDER"
"Main Stage","/experiences/noctra/art/main-stage.webp","WEBP","Arte de la etapa anterior; conservar hasta una migración posterior","Yes","PLACEHOLDER"
"Nova Drop","/experiences/noctra/art/nova-drop.webp","WEBP","Arte de la etapa anterior; conservar hasta una migración posterior","Yes","PLACEHOLDER"
"Background Blackwhite Grunge","/experiences/noctra/backgrounds/noctra-background-blackwhite-grunge.svg","SVG","Fondo vectorial modular","Yes","FINAL"
"Background Blue Orange","/experiences/noctra/backgrounds/noctra-background-blue-orange.svg","SVG","Fondo vectorial modular","Yes","FINAL"
"Background Hidden Signal","/experiences/noctra/backgrounds/noctra-background-hidden-signal.svg","SVG","Fondo vectorial modular","Yes","FINAL"
"Background Offwhite Collage","/experiences/noctra/backgrounds/noctra-background-offwhite-collage.svg","SVG","Fondo vectorial modular","Yes","FINAL"
"Background Pink Lime","/experiences/noctra/backgrounds/noctra-background-pink-lime.svg","SVG","Fondo vectorial modular","Yes","FINAL"
"Background Sunset Collage","/experiences/noctra/backgrounds/noctra-background-sunset-collage.svg","SVG","Fondo vectorial modular","Yes","FINAL"
"Badge Collectible","/experiences/noctra/badges/noctra-badge-collectible.svg","SVG","Badge coleccionable","Yes","CONCEPTUAL"
"Badge Locked","/experiences/noctra/badges/noctra-badge-locked.svg","SVG","Badge coleccionable","Yes","CONCEPTUAL"
"Badge Moment Saved","/experiences/noctra/badges/noctra-badge-moment-saved.svg","SVG","Badge coleccionable","Yes","CONCEPTUAL"
"Badge Night 03","/experiences/noctra/badges/noctra-badge-night-03.svg","SVG","Badge coleccionable","Yes","CONCEPTUAL"
"Badge Secret Found","/experiences/noctra/badges/noctra-badge-secret-found.svg","SVG","Badge coleccionable","Yes","CONCEPTUAL"
"Badge Special Edition","/experiences/noctra/badges/noctra-badge-special-edition.svg","SVG","Badge coleccionable","Yes","CONCEPTUAL"
"Blob Liquid 01","/experiences/noctra/blobs/noctra-blob-liquid-01.webp","WEBP","Motivo 3D glossy transparente","Yes","CONCEPTUAL"
"Blob Liquid 02","/experiences/noctra/blobs/noctra-blob-liquid-02.webp","WEBP","Motivo 3D glossy transparente","Yes","CONCEPTUAL"
"App Icon","/experiences/noctra/brand/noctra-app-icon.svg","SVG","Logotipo o icono de marca","Yes","FINAL"
"Favicon","/experiences/noctra/brand/noctra-favicon.svg","SVG","Logotipo o icono de marca","Yes","FINAL"
"Isotype","/experiences/noctra/brand/noctra-isotype.svg","SVG","Logotipo o icono de marca","Yes","FINAL"
"Logo Alt","/experiences/noctra/brand/noctra-logo-alt.svg","SVG","Logotipo o icono de marca","Yes","FINAL"
"Logo Primary","/experiences/noctra/brand/noctra-logo-primary.svg","SVG","Logotipo o icono de marca","Yes","FINAL"
"Wordmark Color","/experiences/noctra/brand/noctra-wordmark-color.svg","SVG","Logotipo o icono de marca","Yes","FINAL"
"Wordmark Mono Black","/experiences/noctra/brand/noctra-wordmark-mono-black.svg","SVG","Logotipo o icono de marca","Yes","FINAL"
"Wordmark Mono White","/experiences/noctra/brand/noctra-wordmark-mono-white.svg","SVG","Logotipo o icono de marca","Yes","FINAL"
"Doodle Sprite","/experiences/noctra/doodles/noctra-doodle-sprite.svg","SVG","Sprite de dibujos manuales; variantes por color vía currentColor","Yes","FINAL"
"Frame Backstage 9x16","/experiences/noctra/frames/noctra-frame-backstage-9x16.svg","SVG","Overlay transparente para Photo Studio 9:16","Yes","CONCEPTUAL"
"Frame Hidden Frequency 9x16","/experiences/noctra/frames/noctra-frame-hidden-frequency-9x16.svg","SVG","Overlay transparente para Photo Studio 9:16","Yes","CONCEPTUAL"
"Frame Main Stage 9x16","/experiences/noctra/frames/noctra-frame-main-stage-9x16.svg","SVG","Overlay transparente para Photo Studio 9:16","Yes","CONCEPTUAL"
"Frame Night 03 9x16","/experiences/noctra/frames/noctra-frame-night-03-9x16.svg","SVG","Overlay transparente para Photo Studio 9:16","Yes","CONCEPTUAL"
"Frame Noctra 9x16","/experiences/noctra/frames/noctra-frame-noctra-9x16.svg","SVG","Overlay transparente para Photo Studio 9:16","Yes","CONCEPTUAL"
"Frame Secret Found 9x16","/experiences/noctra/frames/noctra-frame-secret-found-9x16.svg","SVG","Overlay transparente para Photo Studio 9:16","Yes","CONCEPTUAL"
"Frame Sunset Special 9x16","/experiences/noctra/frames/noctra-frame-sunset-special-9x16.svg","SVG","Overlay transparente para Photo Studio 9:16","Yes","CONCEPTUAL"
"Moment Final Drop","/experiences/noctra/moments/noctra-moment-final-drop.svg","SVG","Composición visual de una estación o momento","Yes","CONCEPTUAL"
"Moment First Pulse","/experiences/noctra/moments/noctra-moment-first-pulse.svg","SVG","Composición visual de una estación o momento","Yes","CONCEPTUAL"
"Moment Hidden Frequency","/experiences/noctra/moments/noctra-moment-hidden-frequency.svg","SVG","Composición visual de una estación o momento","Yes","CONCEPTUAL"
"Moment Main Stage","/experiences/noctra/moments/noctra-moment-main-stage.svg","SVG","Composición visual de una estación o momento","Yes","CONCEPTUAL"
"Moment Nova Drop","/experiences/noctra/moments/noctra-moment-nova-drop.svg","SVG","Composición visual de una estación o momento","Yes","CONCEPTUAL"
"Mark","/experiences/noctra/noctra-mark.svg","SVG","Logo usado por el Home aprobado; conservado","Yes","FINAL"
"Wordmark","/experiences/noctra/noctra-wordmark.svg","SVG","Logo usado por el Home aprobado; conservado","Yes","FINAL"
"Nova Mark","/experiences/noctra/nova-mark.svg","SVG","Marca ficticia NOVA existente; sin cambios","Yes","CONCEPTUAL"
"Overlay Marker Swipe","/experiences/noctra/overlays/noctra-overlay-marker-swipe.svg","SVG","Overlay modular de foto o señal","Yes","CONCEPTUAL"
"Overlay Signal Noise","/experiences/noctra/overlays/noctra-overlay-signal-noise.svg","SVG","Overlay modular de foto o señal","Yes","CONCEPTUAL"
"Overlay Sunset Wash","/experiences/noctra/overlays/noctra-overlay-sunset-wash.svg","SVG","Overlay modular de foto o señal","Yes","CONCEPTUAL"
"Overlay Torn Photo Corner","/experiences/noctra/overlays/noctra-overlay-torn-photo-corner.svg","SVG","Overlay modular de foto o señal","Yes","CONCEPTUAL"
"Pass Backstage Lanyard","/experiences/noctra/passes/noctra-pass-backstage-lanyard.svg","SVG","Credencial o acceso backstage","Yes","CONCEPTUAL"
"Pass Backstage Locked","/experiences/noctra/passes/noctra-pass-backstage-locked.svg","SVG","Credencial o acceso backstage","Yes","CONCEPTUAL"
"Pass Backstage Unlocked","/experiences/noctra/passes/noctra-pass-backstage-unlocked.svg","SVG","Credencial o acceso backstage","Yes","CONCEPTUAL"
"Pass Nova Pass","/experiences/noctra/passes/noctra-pass-nova-pass.svg","SVG","Credencial o acceso backstage","Yes","CONCEPTUAL"
"Pass Vip Fast Access","/experiences/noctra/passes/noctra-pass-vip-fast-access.svg","SVG","Credencial o acceso backstage","Yes","CONCEPTUAL"
"Photo Backstage Corridor 01 Landscape","/experiences/noctra/photos/backstage/noctra-photo-backstage-corridor-01-landscape.webp","WEBP","Fotografía conceptual; variante de crop","Yes","CONCEPTUAL"
"Photo Backstage Corridor 01 Portrait","/experiences/noctra/photos/backstage/noctra-photo-backstage-corridor-01-portrait.webp","WEBP","Fotografía conceptual; variante de crop","Yes","CONCEPTUAL"
"Photo Backstage Corridor 01 Square","/experiences/noctra/photos/backstage/noctra-photo-backstage-corridor-01-square.webp","WEBP","Fotografía conceptual; variante de crop","Yes","CONCEPTUAL"
"Photo Crowd 01 Landscape","/experiences/noctra/photos/crowds/noctra-photo-crowd-01-landscape.webp","WEBP","Fotografía conceptual; variante de crop","Yes","CONCEPTUAL"
"Photo Crowd 01 Portrait","/experiences/noctra/photos/crowds/noctra-photo-crowd-01-portrait.webp","WEBP","Fotografía conceptual; variante de crop","Yes","CONCEPTUAL"
"Photo Crowd 01 Square","/experiences/noctra/photos/crowds/noctra-photo-crowd-01-square.webp","WEBP","Fotografía conceptual; variante de crop","Yes","CONCEPTUAL"
"Photo Friends 01 Landscape","/experiences/noctra/photos/friends/noctra-photo-friends-01-landscape.webp","WEBP","Fotografía conceptual; variante de crop","Yes","CONCEPTUAL"
"Photo Friends 01 Portrait","/experiences/noctra/photos/friends/noctra-photo-friends-01-portrait.webp","WEBP","Fotografía conceptual; variante de crop","Yes","CONCEPTUAL"
"Photo Friends 01 Square","/experiences/noctra/photos/friends/noctra-photo-friends-01-square.webp","WEBP","Fotografía conceptual; variante de crop","Yes","CONCEPTUAL"
"Photo Sunset Palms 01 Landscape","/experiences/noctra/photos/sunsets/noctra-photo-sunset-palms-01-landscape.webp","WEBP","Fotografía conceptual; variante de crop","Yes","CONCEPTUAL"
"Photo Sunset Palms 01 Portrait","/experiences/noctra/photos/sunsets/noctra-photo-sunset-palms-01-portrait.webp","WEBP","Fotografía conceptual; variante de crop","Yes","CONCEPTUAL"
"Photo Sunset Palms 01 Square","/experiences/noctra/photos/sunsets/noctra-photo-sunset-palms-01-square.webp","WEBP","Fotografía conceptual; variante de crop","Yes","CONCEPTUAL"
"Reward Archive Unlocked","/experiences/noctra/rewards/noctra-reward-archive-unlocked.svg","SVG","Recompensa o activación ficticia","Yes","CONCEPTUAL"
"Reward Backstage Access","/experiences/noctra/rewards/noctra-reward-backstage-access.svg","SVG","Recompensa o activación ficticia","Yes","CONCEPTUAL"
"Reward Nova Drop","/experiences/noctra/rewards/noctra-reward-nova-drop.svg","SVG","Recompensa o activación ficticia","Yes","CONCEPTUAL"
"Reward Secret Found","/experiences/noctra/rewards/noctra-reward-secret-found.svg","SVG","Recompensa o activación ficticia","Yes","CONCEPTUAL"
"Shape Arrow Blue","/experiences/noctra/shapes/noctra-shape-arrow-blue.svg","SVG","Forma de pintura o anotación","Yes","FINAL"
"Shape Block Blue","/experiences/noctra/shapes/noctra-shape-block-blue.svg","SVG","Forma de pintura o anotación","Yes","FINAL"
"Shape Block Coral Ripped","/experiences/noctra/shapes/noctra-shape-block-coral-ripped.svg","SVG","Forma de pintura o anotación","Yes","FINAL"
"Shape Block Lime","/experiences/noctra/shapes/noctra-shape-block-lime.svg","SVG","Forma de pintura o anotación","Yes","FINAL"
"Shape Block Pink","/experiences/noctra/shapes/noctra-shape-block-pink.svg","SVG","Forma de pintura o anotación","Yes","FINAL"
"Shape Brush Black","/experiences/noctra/shapes/noctra-shape-brush-black.svg","SVG","Forma de pintura o anotación","Yes","FINAL"
"Shape Circle Rough","/experiences/noctra/shapes/noctra-shape-circle-rough.svg","SVG","Forma de pintura o anotación","Yes","FINAL"
"Shape Star Splash","/experiences/noctra/shapes/noctra-shape-star-splash.svg","SVG","Forma de pintura o anotación","Yes","FINAL"
"Shape Sunburst Pink","/experiences/noctra/shapes/noctra-shape-sunburst-pink.svg","SVG","Forma de pintura o anotación","Yes","FINAL"
"Shape Underline Coral","/experiences/noctra/shapes/noctra-shape-underline-coral.svg","SVG","Forma de pintura o anotación","Yes","FINAL"
"Signal Coordinates","/experiences/noctra/signals/noctra-signal-coordinates.svg","SVG","Recurso de Hidden Frequency","Yes","CONCEPTUAL"
"Signal Corrupted Edge","/experiences/noctra/signals/noctra-signal-corrupted-edge.svg","SVG","Recurso de Hidden Frequency","Yes","CONCEPTUAL"
"Signal Glitch Blocks","/experiences/noctra/signals/noctra-signal-glitch-blocks.svg","SVG","Recurso de Hidden Frequency","Yes","CONCEPTUAL"
"Signal Noise Strip","/experiences/noctra/signals/noctra-signal-noise-strip.svg","SVG","Recurso de Hidden Frequency","Yes","CONCEPTUAL"
"Signal Secret Found","/experiences/noctra/signals/noctra-signal-secret-found.svg","SVG","Recurso de Hidden Frequency","Yes","CONCEPTUAL"
"Signal Waveform","/experiences/noctra/signals/noctra-signal-waveform.svg","SVG","Recurso de Hidden Frequency","Yes","CONCEPTUAL"
"Note Handwritten","/experiences/noctra/stickers/noctra-note-handwritten.svg","SVG","Sticker de metadata o narrativa","Yes","FINAL"
"Sticker 1 Senal Oculta","/experiences/noctra/stickers/noctra-sticker-1-senal-oculta.svg","SVG","Sticker de metadata o narrativa","Yes","FINAL"
"Sticker 4 Momentos","/experiences/noctra/stickers/noctra-sticker-4-momentos.svg","SVG","Sticker de metadata o narrativa","Yes","FINAL"
"Sticker Backstage Access","/experiences/noctra/stickers/noctra-sticker-backstage-access.svg","SVG","Sticker de metadata o narrativa","Yes","FINAL"
"Sticker Gente Real","/experiences/noctra/stickers/noctra-sticker-gente-real.svg","SVG","Sticker de metadata o narrativa","Yes","FINAL"
"Sticker Main Stage","/experiences/noctra/stickers/noctra-sticker-main-stage.svg","SVG","Sticker de metadata o narrativa","Yes","FINAL"
"Sticker Mas Que Una Noche","/experiences/noctra/stickers/noctra-sticker-mas-que-una-noche.svg","SVG","Sticker de metadata o narrativa","Yes","FINAL"
"Sticker Mismas Vibras","/experiences/noctra/stickers/noctra-sticker-mismas-vibras.svg","SVG","Sticker de metadata o narrativa","Yes","FINAL"
"Sticker Momentos Unicos","/experiences/noctra/stickers/noctra-sticker-momentos-unicos.svg","SVG","Sticker de metadata o narrativa","Yes","FINAL"
"Sticker Night 03","/experiences/noctra/stickers/noctra-sticker-night-03.svg","SVG","Sticker de metadata o narrativa","Yes","FINAL"
"Sticker Nuevos Amigos","/experiences/noctra/stickers/noctra-sticker-nuevos-amigos.svg","SVG","Sticker de metadata o narrativa","Yes","FINAL"
"Sticker Secret Found","/experiences/noctra/stickers/noctra-sticker-secret-found.svg","SVG","Sticker de metadata o narrativa","Yes","FINAL"
"Sticker Siempre Hay Mas","/experiences/noctra/stickers/noctra-sticker-siempre-hay-mas.svg","SVG","Sticker de metadata o narrativa","Yes","FINAL"
"Sticker Tape Night 03","/experiences/noctra/stickers/noctra-sticker-tape-night-03.svg","SVG","Sticker de metadata o narrativa","Yes","FINAL"
"Texture Crumpled Paper","/experiences/noctra/textures/noctra-texture-crumpled-paper.svg","SVG","Textura editorial para superposición","Yes","FINAL"
"Texture Halftone","/experiences/noctra/textures/noctra-texture-halftone.svg","SVG","Textura editorial para superposición","Yes","FINAL"
"Texture Ink Bleed","/experiences/noctra/textures/noctra-texture-ink-bleed.svg","SVG","Textura editorial para superposición","Yes","FINAL"
"Texture Masking Tape","/experiences/noctra/textures/noctra-texture-masking-tape.svg","SVG","Textura editorial para superposición","Yes","FINAL"
"Texture Paper Grain","/experiences/noctra/textures/noctra-texture-paper-grain.svg","SVG","Textura editorial para superposición","Yes","FINAL"
"Texture Photocopy","/experiences/noctra/textures/noctra-texture-photocopy.svg","SVG","Textura editorial para superposición","Yes","FINAL"
"Texture Ripped Paper Edge","/experiences/noctra/textures/noctra-texture-ripped-paper-edge.svg","SVG","Textura editorial para superposición","Yes","FINAL"
"Texture Spray","/experiences/noctra/textures/noctra-texture-spray.svg","SVG","Textura editorial para superposición","Yes","FINAL"
"Ui Active Tab","/experiences/noctra/ui/noctra-ui-active-tab.svg","SVG","Decoración de UI reutilizable","Yes","FINAL"
"Ui Button Scribble","/experiences/noctra/ui/noctra-ui-button-scribble.svg","SVG","Decoración de UI reutilizable","Yes","FINAL"
"Ui Check","/experiences/noctra/ui/noctra-ui-check.svg","SVG","Decoración de UI reutilizable","Yes","FINAL"
"Ui Lock","/experiences/noctra/ui/noctra-ui-lock.svg","SVG","Decoración de UI reutilizable","Yes","FINAL"
"Ui Photo Corner","/experiences/noctra/ui/noctra-ui-photo-corner.svg","SVG","Decoración de UI reutilizable","Yes","FINAL"
"Ui Progress Track","/experiences/noctra/ui/noctra-ui-progress-track.svg","SVG","Decoración de UI reutilizable","Yes","FINAL"
"Ui Separator","/experiences/noctra/ui/noctra-ui-separator.svg","SVG","Decoración de UI reutilizable","Yes","FINAL"
"Ui Sprite","/experiences/noctra/ui/noctra-ui-sprite.svg","SVG","Decoración de UI reutilizable","Yes","FINAL"
